index	return	risk	AAPL	SPY	TSLA	QQQ	MSFT	NVDA
0	0.014548336887451782	0.036768792721757	0.09806347603113152	0.9019365239688684	0.0	1.6462352570617493e-17	4.163336342344337e-17	0.0
1	0.01470143840801642	0.037066141350923947	0.15831002836101157	0.830963015190972	2.3174821436877657e-18	0.010346453001846907	0.0	0.00038050344616950924
2	0.01485453992858106	0.03805879632194235	0.26662959643123135	0.7299458665086828	1.145188544687814e-18	0.0032290465928280256	0.0	0.00019549046725799907
3	0.015007641449145697	0.03803467253557871	0.2503606428536486	0.7368656109202215	4.7704895589362195e-18	0.0	0.0	0.012773746226129973
4	0.015160742969710336	0.03814279750106966	0.240605669779127	0.7356469306913214	0.0	0.0	0.0	0.023747399529551697
5	0.015313844490274973	0.03838231442470669	0.24261690212226783	0.723967694205733	0.0	0.0	7.37257477290143e-17	0.033415403671999244
6	0.015466946010839613	0.03858273717453018	0.23870707390811496	0.717552481804639	2.6020852139652106e-18	0.0	0.0	0.0437404442872462
7	0.01562004753140425	0.03876745088626594	0.23025798611625817	0.715172825011495	0.0	0.0	2.905661822261152e-17	0.05456918887224678
8	0.015773149051968888	0.03894189468887594	0.21538278870838207	0.7185061987445656	0.0	3.469446951953614e-17	0.0	0.06611101254705248
9	0.015926250572533527	0.0391510771837468	0.19772813881718898	0.7243105983895409	0.0	0.0	0.0	0.07796126279327027
10	0.016079352093098166	0.04204693744583257	0.29595226462408486	0.4298825150541019	1.734723475976807e-17	0.2712968491163842	0.0	0.0028683712054290277
11	0.016232453613662805	0.04222673256809012	0.29537751879243856	0.4220292955106861	2.688821387764051e-17	0.2691962253911139	9.020562075079397e-17	0.013396960305761556
12	0.01638555513422744	0.04241981984879509	0.29473380237793867	0.4142086150807671	0.0	0.2671351904893309	2.7755575615628914e-17	0.0239223920519634
13	0.01653865665479208	0.042626042097813586	0.29401936609623286	0.406423100775116	0.0	0.2651122699280752	0.0	0.034445263200576025
14	0.01669175817535672	0.04284523962831747	0.29323255300438855	0.398675278068418	1.734723475976807e-18	0.2631260159692015	0.0	0.044966152957992125
15	0.01684485969592136	0.043077250734143584	0.2923718213706965	0.39096756635744767	1.0191500421363742e-17	0.2611749858974278	0.0	0.05548562637442788
16	0.016997961216485995	0.043321933010766464	0.29144145770995505	0.38330047797581296	1.7780915628762273e-17	0.25925323250748944	2.7755575615628914e-17	0.06600483180674258
17	0.017151062737050634	0.04357920783455922	0.29044657401533336	0.3756671393087102	0.0	0.2573639596718677	0.0	0.0765223270040889
18	0.017304164257615273	0.04384885195956796	0.28938704616130256	0.36807396272215465	2.2768245622195593e-17	0.255498497905965	0.0	0.08704049321057766
19	0.01745726577817991	0.04413063375272414	0.2882613472886934	0.3605287552601576	0.0	0.2536479741466977	0.0	0.09756192330445126
20	0.017610367298744548	0.04442785545335731	0.2873497854456796	0.35262586920244604	0.0	0.2520276046900529	0.0	0.10799674066182147
21	0.017763468819309187	0.044732900880449934	0.2860641363261278	0.34521897116245126	1.3877787807814457e-17	0.2501824322265476	2.7755575615628914e-17	0.11853446028487324
22	0.017916570339873827	0.04504659534769498	0.2844450757775687	0.3382616037519723	2.2768245622195593e-18	0.2481266274920218	0.0	0.12916669297843733
23	0.018069671860438462	0.04537480487663339	0.28294347346780513	0.33098939662164995	0.0	0.24636028106184094	0.0	0.13970684884870402
24	0.0182227733810031	0.04571441754233181	0.28135663114195353	0.32376762334150117	0.0	0.24462880418930152	6.938893903907228e-18	0.15024694132724378
25	0.01837587490156774	0.04606526716998394	0.2796849763215691	0.3165968392263027	1.940721888749053e-17	0.24293090986929716	6.938893903907228e-18	0.16078727458283118
26	0.01852897642213238	0.046427187186457726	0.2779289724267144	0.3094774613560346	0.0	0.24126545886797462	6.245004513516506e-17	0.17132810734927642
27	0.018682077942697016	0.04680001478916998	0.2760890897364048	0.3024091308682556	4.7704895589362195e-18	0.23963236636704707	1.0408340855860843e-16	0.18186941302829246
28	0.018835179463261655	0.04718360654315741	0.27416546679526266	0.29538784352269015	0.0	0.238036974633048	0.0	0.19240971504899934
29	0.018988280983826294	0.04757797160657609	0.27214982514709635	0.2883825126275636	0.0	0.23653217211766564	1.1926223897340549e-17	0.2029354901076746
30	0.01914138250439093	0.04798348524847453	0.26997128546503274	0.28130475377041514	6.071532165918825e-18	0.23532623055053992	1.3877787807814457e-17	0.2133977302140123
31	0.01929448402495557	0.04839711578549829	0.26790269813955053	0.2746329392561595	0.0	0.23342737713121317	6.938893903907228e-18	0.2240369854730767
32	0.01944758554552021	0.04882242075437152	0.26555030704304206	0.2677661454641205	2.7321894746634712e-17	0.23214384092941381	4.163336342344337e-17	0.2345397065634236
33	0.019600687066084848	0.049256848439112856	0.2633051779641784	0.2610331845092946	2.6020852139652106e-18	0.23054501403725544	0.0	0.24511662348927152
34	0.019753788586649487	0.04970048197311151	0.260869687071467	0.2545669877550347	0.0	0.2288120255930153	0.0	0.2557512995804831
35	0.019906890107214123	0.05015444951339317	0.258347255122638	0.2479807061342099	0.0	0.22735056237533255	0.0	0.2663214763678196
36	0.020059991627778762	0.05061785880421636	0.2557470369834321	0.24145081915196975	2.6020852139652106e-17	0.2259066531062549	3.469446951953614e-17	0.2768954907583433
37	0.0202130931483434	0.05109054553341962	0.2530675846091644	0.23498128895614614	1.870248747537495e-17	0.224476616363047	2.42861286636753e-17	0.2874745100716424
38	0.020366194668908037	0.05157235793422679	0.25030835479189867	0.22857290624616855	6.071532165918825e-18	0.22306003044974745	0.0	0.2980587085121854
39	0.020519296189472677	0.05206314696814163	0.24746937509559566	0.222225867565863	1.713039432527097e-17	0.22165659039272648	4.5102810375396984e-17	0.3086481669458147
40	0.020672397710037316	0.052562765284994206	0.24455092725472363	0.21594019149031718	0.0	0.22026592686698698	3.469446951953614e-18	0.31924295438797223
41	0.02082549923060195	0.05307106735964647	0.2415534156661079	0.2097157896359948	1.6263032587282567e-18	0.21888766633262263	0.0	0.3298431283652748
42	0.02097860075116659	0.05358790942509008	0.2384773161594698	0.20355251440109268	2.2768245622195593e-18	0.2175214300202287	0.0	0.34044873941920895
43	0.02113170227173123	0.05411414585949793	0.23507222971466832	0.19755847769492751	1.2793585635328952e-17	0.21632473292797305	1.0408340855860843e-17	0.35104455966243114
44	0.02128480379229587	0.054647544363164206	0.2318815005427498	0.19150478689391673	0.0	0.21494793853276778	1.734723475976807e-18	0.36166577403056577
45	0.02143790531286051	0.055188985381230835	0.22862588466381198	0.18550281804918264	0.0	0.21357934967412537	0.0	0.37229194761288004
46	0.021591006833425144	0.05573831778679326	0.22530620322869188	0.17955202447029275	0.0	0.21221871368361447	4.7704895589362195e-18	0.38292305861740095
47	0.021744108353989784	0.05629650281779632	0.2217115238104245	0.17377262190821172	4.743384504624082e-19	0.2109586267682882	2.3852447794681098e-18	0.3935572275130757
48	0.021897209874554423	0.05686076775440901	0.21835206183844108	0.16788635095527424	0.0	0.20955788178652812	0.0	0.40420370541975664
49	0.02205031139511906	0.05741710507576239	0.2175511378772659	0.16051360197739642	0.0	0.20707291183690738	0.0	0.4148623483084304
50	0.022203412915683698	0.057989469958713055	0.21500751780221092	0.15420882168296257	6.938893903907228e-18	0.20525011198970516	0.0	0.4255335485251213
51	0.022356514436248337	0.058568345106592486	0.21241190775925667	0.14793687130242625	8.673617379884035e-18	0.20344573342291297	0.0	0.4362054875154041
52	0.022509615956812973	0.05915585626253781	0.20942623841060748	0.14192073919062395	1.3877787807814457e-17	0.201766481853554	8.673617379884035e-19	0.44688654054521454
53	0.022662717477377615	0.059747897591554334	0.2064298112517569	0.13573867462310685	0.0007686912158960529	0.19995307044182017	0.0	0.45710975246741997
54	0.02281581899794225	0.06034527070751857	0.20322454092688336	0.1295487853612118	0.0022002736846365722	0.19808195013262841	0.0	0.4669444498946399
55	0.02296892051850689	0.06094771971497978	0.20000919458195643	0.1233708480446859	0.00361392800289502	0.1962154704418461	6.071532165918825e-18	0.47679055892861655
56	0.02312202203907153	0.061555103577816836	0.19678361914822992	0.11720405383028282	0.005013958013259226	0.19435282921046704	6.938893903907228e-18	0.48664553979776104
57	0.023275123559636166	0.06216726814896611	0.1935502225098202	0.11104634330932768	0.0064027012643363135	0.1924927720309411	0.0	0.4965079608855748
58	0.023428225080200805	0.06278403482917057	0.1903147908590695	0.10489368719558571	0.0077810783618137425	0.19063331486844015	4.336808689942018e-19	0.506377128715091
59	0.023581326600765444	0.06340518719669462	0.187087443848195	0.09873926391224146	0.009148835418343396	0.1887715916958099	8.673617379884035e-19	0.5162528651254102
60	0.02373442812133008	0.0640304643083706	0.18388272957843185	0.09257315196185922	0.010504792766292237	0.18690403244550954	2.6020852139652106e-18	0.5261352932479073
61	0.023887529641894722	0.06465957559261379	0.18071720943061248	0.08638358018614628	0.011847422172219277	0.18502732252402004	4.336808689942018e-18	0.536024465687002
62	0.02404063116245936	0.06454978903959839	0.2889554882163782	0.0	0.013863435753791176	0.1568935122019927	6.938893903907228e-18	0.540287563827838
63	0.024193732683023998	0.06519419612269178	0.2761675546587796	0.0	0.015274536261696373	0.1582368937704997	0.0	0.5503210153090243
64	0.024346834203588637	0.06585122095337075	0.264216642106732	6.938893903907228e-18	0.016317650500534332	0.1587363882555261	1.9244588561617704e-18	0.5607293191372076
65	0.024499935724153273	0.0665213695684221	0.2523678434206264	1.3877787807814457e-17	0.01736221490013876	0.15911029088879233	0.0	0.5711596507904425
66	0.024653037244717912	0.06720443159411904	0.24055027574847287	0.0	0.01835417852506917	0.15947169642977077	0.0	0.5816238492966872
67	0.02480613876528255	0.06789997901668929	0.22871191354757797	0.0	0.019463473799218946	0.15980120614154397	0.0	0.5920234065116592
68	0.024959240285847187	0.06860723587025974	0.2169478840047387	0.0	0.0205917087728589	0.1600305528810749	0.0	0.6024298543413276
69	0.025112341806411826	0.06932573271245479	0.20525142999623885	0.0	0.02173737759168119	0.16016873589681105	1.6805133673525319e-18	0.6128424565152689
70	0.025265443326976465	0.06964211368511108	0.31091986770170255	0.0	0.03613548496336505	0.01029362523330174	0.0	0.6426510221016307
71	0.0254185448475411	0.07079884055753267	0.18145073411276988	3.8163916471489756e-17	0.024148107661052368	0.16088549415035722	0.0	0.6335156640758205
72	0.025571646368105744	0.07154733630609987	0.17014036397630092	0.0	0.025244266897254803	0.1605756844546134	3.144186300207963e-18	0.6440396846718308
73	0.02572474788867038	0.07166841161052913	0.2841896714298503	1.111307226797642e-17	0.04056481924518463	0.0	0.0	0.6752455093249652
74	0.02587784940923502	0.0723663604637383	0.27275921734304226	2.710505431213761e-19	0.04132748266067918	0.0	0.0	0.6859132999962787
75	0.026030950929799658	0.07307539863612995	0.26104961875074	0.0	0.04278887012943221	0.0	0.0	0.6961615111198279
76	0.026184052450364294	0.07379509928576193	0.2496640447599561	2.879912020664621e-19	0.04343919184107794	0.0	0.0	0.706896763398966
77	0.026337153970928933	0.07452537665940431	0.23777924827151622	1.2739375526704677e-18	0.045339109229347335	0.0	0.0	0.7168816424991364
78	0.026490255491493572	0.07608403285982948	0.1159870733685696	0.0	0.03413452355895806	0.1408204194285498	0.0	0.7090579836439226
79	0.026643357012058208	0.07601557587307181	0.21506470555210028	3.686287386450715e-18	0.04649807274628357	2.0816681711721685e-17	0.0	0.7384372217016161
80	0.02679645853262285	0.07677517771250612	0.20352437241607257	7.047314121155779e-19	0.04753577228314315	5.204170427930421e-17	0.0	0.7489398553007842
81	0.026949560053187487	0.07754417863959834	0.1915883222322184	1.3010426069826053e-18	0.04956398230191614	0.0	5.4752209710517974e-18	0.7588476954658655
82	0.027102661573752122	0.07832195742689074	0.18011724291512077	3.469446951953614e-18	0.05042833348242945	0.0	4.323256162785949e-18	0.7694544236024498
83	0.027255763094316765	0.07910845715298945	0.16864488490722349	0.0	0.051295885609476406	4.163336342344337e-17	0.0	0.7800592294833001
84	0.0274088646148814	0.079903420283984	0.15716998300401086	2.0599841277224584e-18	0.052169806351961986	0.0	4.4858864886587746e-18	0.7906602106440273
85	0.02756196613544604	0.08070659619557159	0.14569153838096818	7.589415207398531e-19	0.05305259341204502	0.0	4.336808689942018e-18	0.8012558682069868
86	0.02771506765601068	0.08151774108358951	0.13420875638056087	5.9631119486702744e-18	0.05394623800413585	0.0	0.0	0.8118450056153034
87	0.027868169176575315	0.08233661824222648	0.12272101967293086	0.0	0.054852284407605555	1.0755285551056204e-16	0.0	0.8224266959194635
88	0.028021270697139954	0.08316310144974215	0.11087181932162427	0.0	0.05666310309730493	1.734723475976807e-18	0.0	0.8324650775810708
89	0.028174372217704594	0.0839966604772024	0.09960716584037076	0.0	0.05701075424724198	0.0	1.463672932855431e-18	0.8433820799123873
90	0.02832747373826923	0.08483737802150376	0.08819596339018855	0.0	0.057725229165850316	0.0	1.463672932855431e-18	0.8540788074439613
91	0.028480575258833872	0.08568495008501315	0.07660413105466456	0.0	0.058891835070739494	0.0	1.734723475976807e-18	0.864504033874596
92	0.028633676779398508	0.08653917737072939	0.06506490838265347	0.0	0.059926755335190436	0.0	0.0	0.875008336282156
93	0.028786778299963147	0.08739986257583317	0.05352568059132408	0.0	0.060961686929916686	6.071532165918825e-18	1.3010426069826053e-18	0.8855126324787592
94	0.028939879820527786	0.08826681668793067	0.04198645782705795	7.806255641895632e-18	0.06199660773597146	0.0	0.0	0.8960169344369706
95	0.029092981341092422	0.08913985687861808	0.030447231025392638	0.0	0.06303153776778662	0.0	0.0	0.9065212312068207
96	0.02924608286165706	0.09001880604098443	0.01890800667744666	0.0	0.06406646180104814	0.0	4.119968255444917e-18	0.9170255315215053
97	0.0293991843822217	0.09094546406361881	4.163336342344337e-16	0.0	0.08354605794655637	0.0	0.0	0.916453942053444
98	0.029552285902786336	0.09180706635310505	0.0	2.7755575615628914e-16	0.055697378625210986	0.0	0.0	0.9443026213747895
99	0.029705387423350976	0.0928763649746352	0.0	6.106226635438361e-16	0.027848699303863494	6.38378239159465e-16	0.0	0.9721513006961363
100	0.029858488943915615	0.09414628324772899	0.0	1.0269562977782698e-15	1.9982517335259686e-08	6.661338147750939e-16	0.0	0.9999999800174827
