recipe_slug	score_bound
falafel	1.831359885741709
spamburger	1.9217752925319609
bacon-fried-rice	1.9002646966705512
chicken-fingers	1.829961982228115
apple-crisp	2.6818711720790436
cranberry-apple-crisp	2.8784431093365765
bacon-chocolate-chip-cookies	2.6006556422765725
sujebi	1.8601810840887536
pasta-primavera	1.7649664480603373
ramen	1.9396514929110205
brownies	2.6714618219525965
bacon-wrapped-scallops	1.8592010280585423
bacon-egg-muffins	1.8984513105936944
breakfast-burritos	1.8631769022318339
bolognese-sauce	2.6013164092826178
croissants	2.736007473752405
bacon-souffle	2.2574767017857855
souffle	2.684152255040533
chocolate-souffle	2.6004772146674666
butter-croissants	2.343717006946403
pickled-green-beans	2.6909803371184675
fried-oysters	2.6185520392948893
peanut-butter-brownies	2.5625888945142417
almond-chip-cookies	2.6642021719937383
guacamole	2.787154637590354
brioche-bread	2.773165125095853
brioche-bread-with-chocolate	2.5904577763637024
asparagus-quiche	2.7022649608296407
asparagus-burger	2.7966736627276485
ma-la-chicken	2.815287222418615
cold-noodles-with-tomatoes	2.812514049309512
tamales	2.787104068881458
enchiladas	1.8479497433870116
tacos	1.9081415572543197
burritos	2.2333904398287605
peanut-butter-cupcakes	2.1175341925688587
pickled-asparagus	2.2722378853458847
chocolate-peanut-butter-cake	2.6461083079803247
udon	2.0386030811092377
vegetable-lasagna	1.550434723635368
maple-bacon-donuts	2.0258258695965887
maple-bacon-pancakes	2.0194541590233435
spinach-and-ricotta-stuffed-shells	1.7979077167284014
quesadillas	2.321037992942995
pico-de-gallo	2.2217883645009615
nachos	1.8115563360093323
cold-soba-noodles-with-tomato-and-cucumber	2.295312087891136
fajitas	1.8911285590761977
loaded-nachos	2.245410868921026
lasagna	1.7436717661184082
chicken-nuggets	1.8744528275665764
pain-au-chocolat	2.462641785159139
nacho-dip	2.0064768926560497
nacho-salad	1.8525356312840404
nacho-casserole	1.8180678863895967
nacho-fries	1.8967174703483964
tempura-udon	2.2485530021258477
peach-crisp	2.590747480785387
apple-pie	2.8190618551944766
blueberry-crisp	2.4842988709877325
berry-crumble	1.9609374966382636
strawberry-rhubarb-crisp	2.824336520504943
peach-cobbler	1.815508632533825
cranberry-sauce	2.0493563452504784
cherry-cobbler	1.7374000517143866
apple-crumble	2.7844159879379733
chocolate-croissants	2.7035417194259765
french-toast	1.8472931794550282
chocolate-babka	2.857887266370549
cinnamon-babka	2.0116256676126074
blueberry-crumble	1.9604859430772879
spam-musubi	2.3310247947819973
taco-salad	2.091612722837885
chiles-rellenos	2.062699010173758
almond-croissants	2.705088666573509
cranberry-relish	2.0493563452504784
ma-la-beef	2.299296484526003
chocolate-cake	2.629059261413777
spinach-quiche	1.8440753437401032
mushroom-quiche	2.11053658977919
quiche-lorraine	1.8833269780514188
croissant-aux-amandes	2.7449797079788216
danishes	2.0864668950313927
spinach-and-feta-quiche	2.016140071907797
cold-sesame-noodles	2.0606555694110007
soba-noodle-salad-with-peanut-dressing	2.061553675666855
dan-dan-noodles	2.1726729185632276
vanilla-souffle	2.798255098932666
bacon-wrapped-dates	1.7921929095014548
cherry-pie	2.246008178122532
berry-crisp	2.5539628335332103
bacon-and-egg-breakfast-sandwich	2.0197742275362924
bacon-wrapped-shrimp-skewers	2.29829315046162
bacon-wrapped-chicken	2.088334100940426
bacon-wrapped-asparagus	2.2746877410612973
bacon-mac-and-cheese	1.8271903655258068
chicken-alfredo-lasagna	1.8295217110609565
classic-beef-lasagna	1.9718493998227014
vegetarian-mushroom-lasagna	2.003352336880077
spinach-and-ricotta-lasagna	2.1288569076547197
