recipe_tag	coefficient
bias	0.3943186557838159
alfredo	-0.06144873727571183
almond	0.15873556085449095
american	-0.012702375918156629
appetizer	-0.05737259340980139
appetizers	0.10206735393758413
apple	0.15859913174960483
asiancuisine	-0.029795720563920325
asparagus	0.1934749167349354
avocado	0.11103062782635131
bacon	-0.038734504799774264
baked	0.012497301953642279
bakeddishes	0.007109488346163755
bakery	0.08537809114549182
baking	0.10619128211174089
beans	-0.016833953425071338
beef	-0.07285912348040166
bellpeppers	0.047527704356475464
berries	0.1226314282721941
blackbeans	0.047527704356475464
blackvinegar	-0.04694172238926949
blueberry	-0.024024501588168212
boiledeggs	-0.028656650118679444
bokchoy	-0.028656650118679444
braided	-0.008250848416928356
bread	0.02400313133873913
breaded	-0.02651399810962613
breakfast	-0.08280284138214378
breakfastpastry	-0.07395208534624735
brioche	0.09540541524673714
broiling	0.02699557474537061
brownies	0.07617807484642689
brownsugar	0.03293795705613828
brunch	0.0899415462811253
burger	0.06732856469864965
burritos	-0.05240571973879146
buttery	0.19659840035178308
cake	0.08407157243077805
carrots	-0.028656650118679444
casserole	-0.06829003684329389
celebration	0.08552440512474808
cheese	-0.05329023825588375
cheesy	-0.06023060208174008
cherry	-0.10028194503120261
chicken	-0.07839007647956342
chickpeas	0.06732856469864965
chilioil	0.015471400191344034
chilipowder	0.047527704356475464
chinese	-0.017313809016604943
chinesecookingwine	0.062413122580613524
chinesecuisine	-0.028197397417453238
chocolate	0.24717412667587374
chocolatechip	0.059256207396404456
chocolatecroissant	-0.07395208534624735
christmas	-0.018673395013506195
cilantro	0.1309477358991602
cinnamon	-0.07084759712579237
citrus	-0.009336697506753092
classic	-0.020978439956265624
cloves	0.03119060941118772
cobbler	-0.18879348111272382
cocoapowder	0.048154217369500894
coffee	0.09871245071513998
cold	-0.017313809016604943
coldnoodles	0.059416709057929104
comfortfood	-0.0734062639975184
condiment	-0.006374106714160062
cookies	0.14675602533787502
corn	0.08552440512474808
cranberry	-0.07099166733776462
creamcheese	-0.03498509112921527
creamy	-0.01507835312017396
crisp	0.40112546827580475
crispy	-0.0612174461904141
croissant	0.09871245071513998
croissants	0.023478600472369077
crumble	-0.04728265598283074
crust	0.03119060941118772
cucumber	0.059416709057929104
cumin	0.047527704356475464
cupcakes	-0.0876217052912567
custard	0.031929418642476975
custardy	-0.009442551082203406
customizable	0.042924174541478115
danish	-0.03498509112921527
dashibroth	0.04532128485338692
dates	-0.05906363140420943
decadent	0.09413173242522399
dessert	0.07548606111926848
dinner	-0.04355035920629552
dip	0.055215829449839195
donuts	-0.0186897751334428
easterneuropean	-0.008250848416928356
easy	-0.08902903015744487
easydinner	-0.04887429602689032
egg	0.007627232163496541
eggs	0.1143378359422706
eggwhites	0.004940805728967668
fajitaseasoning	-0.04314365847564782
fall	0.04215229295802041
familyfriendly	-0.11716433287018421
fastfood	-0.02651399810962613
fetacheese	0.0022554471394167276
filling	0.008816366417386
fingerfood	-0.035846313416470654
flaky	0.012192908542190978
french	0.1854301129665596
frenchcuisine	-0.06692254979628216
frenchpastry	0.11013845651438445
fresh	-0.04147040115945626
fried	-0.08979959945462507
friedfood	0.12097197172691115
friedrice	-0.034107808124092115
fries	-0.04384293536250393
frosting	-0.003550132860478644
fruit	-0.12593473976033387
fudgy	0.10238258084215235
gamedayfood	0.001858273500581778
ganache	0.035917355061277155
garlic	0.12996354097117466
ginger	0.062413122580613524
glutenfree	-0.0029629083942962348
goldenbrown	0.06357387968512036
greenbeans	0.11352786430570981
greenonion	0.06755041839056114
greenonions	-0.08106236985747091
grill	0.06732856469864965
grilled	-0.11076171799457976
grilling	0.02699557474537061
groundbeef	-0.05111563541821081
gruyere	0.06911722663778745
gruyerecheese	-0.09122141732088018
guacamole	-0.012449907544243695
hamandcheese	-0.03498509112921527
hamburger	-0.027439287928528296
handheld	0.042924174541478115
handtorndough	-0.035286375047134916
hawaii	-0.027439287928528296
hawaiian	0.03271943642013079
healthy	-0.15221841988356621
herbs	0.10991034448786877
holiday	0.0668510101112419
homemade	0.09603676420619142
indulgent	-0.0876217052912567
italian	0.06511549856851766
italiancuisine	-0.06144873727571183
jalapenos	-0.04384293536250393
japanesecuisine	-0.0021975311998451014
juicy	0.0011428653356826814
ketchup	-0.027439287928528296
keto	0.037561268771544636
kidfriendly	-0.035846313416470654
koreancuisine	-0.035286375047134916
laminateddough	0.08537809114549182
lasagna	0.10012504119057504
lattice	0.03119060941118772
lettuce	-0.018714409492965794
lime	0.06853461331854667
loadednachos	0.04570120886308571
lowcarb	0.037561268771544636
lunch	-0.04355035920629552
macandcheese	-0.0056358020379705534
maple	-0.0186897751334428
maplesyrup	-0.023508270187395052
masa	0.08552440512474808
mayonnaise	-0.027439287928528296
meal	-0.02651399810962613
mealprep	-0.11926517295632343
meat	-0.1018838814037358
meatsauce	0.15633210392500874
mexican	0.057121484331808456
mexicancuisine	-0.0996449072354092
mexicanfood	0.04570120886308571
middleeastern	-0.06510451179419134
miso	-0.028656650118679444
muffins	-0.11926517295632343
mushroom	0.0773256922097745
mushrooms	-0.028656650118679444
nachos	-0.10866670340140747
noodles	-0.08311769734042701
noodlesoup	-0.028656650118679444
nori	0.03271943642013079
numbing	0.08115744755242978
nutmeg	0.064128566467326
oat	-0.01674288958018339
oats	0.0852562293803967
onion	0.005847321056316648
onions	0.004384045880827643
onthego	0.03271943642013079
oven	-0.07395208534624735
oysters	0.15842379906672255
pacificislands	-0.027439287928528296
pancakes	-0.023508270187395052
parmesan	0.06911722663778745
partyfood	-0.026681206409831196
pasta	-0.15830114467017348
pastasauce	0.15633210392500874
pastry	0.1288732287562548
pastrycrust	-0.08177886623867678
peach	-0.0051771477934864085
peanutbutter	0.024473724616447347
peanutdressing	-0.021662011231288292
peanuts	-0.04694172238926949
peppers	-0.04314365847564782
pickledvegetables	0.09334546841826485
pie	0.01848823349303109
piecrust	0.0022554471394167276
pork	-0.04694172238926949
porkbelly	-0.028656650118679444
potatoes	-0.05240571973879146
protein	-0.11926517295632343
puffpastry	-0.07395208534624735
quiche	-0.034404005948710306
quick	-0.011083819942661305
ramen	-0.028656650118679444
refreshing	0.03557538274407503
relish	-0.009336697506753092
rhubarb	0.03557538274407503
rice	0.03271943642013079
ricevinegar	0.06755041839056114
rich	0.09413173242522399
ricotta	0.07480553517430896
salad	-0.0464945614221333
salsa	0.04695249550420832
salty	-0.0056358020379705534
sandwich	0.007627232163496541
sauce	-0.009336697506753103
savory	-0.07295057493098442
scallions	0.015471400191344034
scallops	-0.08332243006605147
seafood	0.06681056869890677
sesame	-0.017313809016604943
sesameoil	0.06755041839056114
sesameseeds	0.06755041839056114
shrimp	0.02699557474537061
sichuancuisine	0.034215725163160286
sichuanpeppercorns	0.015471400191344034
sidedish	-0.0012945221294065196
sidedishes	0.11352786430570981
skewers	0.02699557474537061
smoky	-0.038600744826379985
snack	-0.09591542279620296
snacks	0.06968492894320588
sobanoodles	-0.029795720563920325
soft	0.06357387968512036
souffle	0.2980133343009761
soup	-0.05414854098168749
sourcream	-0.14381268535982267
southern	-0.10121391199967783
southerncuisine	0.15842379906672255
soysauce	0.02025736033913362
spam	0.005280148491602493
spices	0.10991034448786877
spicy	0.053876042454816635
spicyfood	-0.0374518273398114
spinach	-0.05892339884438402
spring	-0.07993103471132132
steamed	0.08552440512474808
stirfry	0.018744324971816252
strawberry	0.03557538274407503
streetfood	-0.12779180405642138
stuffedpeppers	-0.0374518273398114
summer	0.157137204119994
sushi	0.03271943642013079
sweet	-0.08405447489702347
sweetandsalty	0.08749981794147058
sweetandsavory	-0.04219804532083785
sweettreat	0.02476036536889263
taco	0.004083605999142875
tacos	-0.06268729226223002
tangy	0.01690198773056884
tart	-0.009336697506753103
tea	0.09871245071513998
tempura	0.04532128485338692
tender	0.03705988157549423
texmex	-0.04314365847564782
thanksgiving	-0.018673395013506195
toast	0.007627232163496541
tomato	0.037602888493806
tomatoes	-0.0011250671627878045
tomatosauce	0.144975797870159
tortilla	0.047527704356475464
tortillabowl	0.004083605999142875
tortillachips	-0.028916156189987885
tortillas	-0.09554937821443929
traditional	0.08552440512474808
twisted	-0.008250848416928356
udonnoodles	0.04532128485338692
vanilla	0.004940805728967668
vanillaicecream	0.0852562293803967
vegan	0.008915910443961811
vegetables	-0.14932521788254835
vegetarian	0.008054277623031084
warm	-0.07395208534624735
whippedcream	0.0852562293803967
winter	0.04215229295802041
yeastdough	-0.008250848416928356
