recipe_slug	rating
falafel	0.0
spamburger	0.0
bacon-fried-rice	0.0
chicken-fingers	0.0
apple-crisp	1.0
cranberry-apple-crisp	1.0
bacon-chocolate-chip-cookies	1.0
sujebi	0.0
pasta-primavera	0.0
ramen	0.0
brownies	1.0
bacon-wrapped-scallops	0.0
bacon-egg-muffins	0.0
breakfast-burritos	0.0
bolognese-sauce	1.0
croissants	1.0
bacon-souffle	1.0
souffle	1.0
chocolate-souffle	1.0
butter-croissants	1.0
pickled-green-beans	1.0
fried-oysters	1.0
peanut-butter-brownies	1.0
almond-chip-cookies	1.0
guacamole	1.0
brioche-bread	1.0
brioche-bread-with-chocolate	1.0
asparagus-quiche	1.0
asparagus-burger	1.0
ma-la-chicken	1.0
cold-noodles-with-tomatoes	1.0
tamales	1.0
enchiladas	0.25
tacos	0.5
burritos	0.5
peanut-butter-cupcakes	0.0
pickled-asparagus	0.0
chocolate-peanut-butter-cake	1.0
udon	0.5
vegetable-lasagna	0.5
maple-bacon-donuts	0.25
maple-bacon-pancakes	0.25
spinach-and-ricotta-stuffed-shells	0.25
quesadillas	0.5
pico-de-gallo	0.25
nachos	0.25
cold-soba-noodles-with-tomato-and-cucumber	0.25
fajitas	0.0
loaded-nachos	0.0
lasagna	0.0
chicken-nuggets	0.5
pain-au-chocolat	0.5
nacho-dip	0.5
nacho-salad	0.25
nacho-casserole	0.5
nacho-fries	0.5
tempura-udon	0.25
peach-crisp	1.0
apple-pie	1.0
blueberry-crisp	1.0
berry-crumble	0.25
strawberry-rhubarb-crisp	1.0
peach-cobbler	0.5
cranberry-sauce	0.5
cherry-cobbler	0.25
apple-crumble	1.0
chocolate-croissants	1.0
french-toast	0.25
chocolate-babka	1.0
cinnamon-babka	0.25
blueberry-crumble	0.0
spam-musubi	0.5
taco-salad	0.25
chiles-rellenos	0.0
almond-croissants	1.0
cranberry-relish	0.5
ma-la-beef	0.0
chocolate-cake	1.0
spinach-quiche	0.0
mushroom-quiche	0.5
quiche-lorraine	0.5
croissant-aux-amandes	1.0
danishes	0.0
spinach-and-feta-quiche	0.0
cold-sesame-noodles	0.0
soba-noodle-salad-with-peanut-dressing	0.25
dan-dan-noodles	0.0
vanilla-souffle	1.0
bacon-wrapped-dates	0.5
cherry-pie	0.25
berry-crisp	1.0
bacon-and-egg-breakfast-sandwich	0.0
bacon-wrapped-shrimp-skewers	0.0
bacon-wrapped-chicken	0.0
bacon-wrapped-asparagus	0.25
bacon-mac-and-cheese	0.25
chicken-alfredo-lasagna	0.25
classic-beef-lasagna	0.5
vegetarian-mushroom-lasagna	0.0
spinach-and-ricotta-lasagna	0.0
